Verona,Medhurst,erik_mayer@wolfsatterfield.com,266.018.1538,2017-05-31 21:39:05 -0500
Adrien,Wyman,alvis@schowalter.net,558.294.8176,2017-05-31 21:39:05 -0500
Reinhold,Balistreri,benny@gleichner.org,1-727-582-7527,2017-05-31 21:39:05 -0500
Kane,Torp,benjamin_wisozk@kleinmcclure.org,1-422-113-8864,2017-05-31 21:39:05 -0500
Maye,Walter,nakia_emmerich@wisozk.net,1-288-814-6305,2017-05-31 21:39:05 -0500
Lon,Casper,marisa.howell@lowe.info,1-305-362-6640,2017-05-31 21:39:05 -0500
Eleazar,Dibbert,abelardo.wiza@stoltenberg.net,1-475-406-4600,2017-05-31 21:39:05 -0500
Wava,O'Conner,brandy.hamill@cummings.name,992.380.3667,2017-05-31 21:39:05 -0500
Gunner,Hayes,alda.cruickshank@walker.net,(530) 163-4849,2017-05-31 21:39:05 -0500
Alisa,Cummings,america_conroy@ward.com,861-679-2542,2017-05-31 21:39:05 -0500
